{"cameraMode":{"drawMode":0,"name":"Shaded","section":"Shading Mode"},"sceneLighting":false,"audioPlay":false,"sceneViewState":{"m_AlwaysRefresh":false,"showFog":true,"showSkybox":true,"showFlares":true,"showImageEffects":true,"showParticleSystems":true,"showVisualEffectGraphs":true,"m_FxEnabled":true},"in2DMode":false,"pivot":{"x":2.079946279525757,"y":3.3607659339904787,"z":-3.7107467651367189},"rotation":{"x":0.4631141722202301,"y":0.0007971141021698713,"z":-0.000417941075284034,"w":0.8863124251365662},"size":10.058116912841797,"orthographic":true}