{"cameraMode":{"drawMode":0,"name":"Shaded","section":"Shading Mode"},"sceneLighting":false,"audioPlay":false,"sceneViewState":{"m_AlwaysRefresh":false,"showFog":true,"showSkybox":true,"showFlares":true,"showImageEffects":true,"showParticleSystems":true,"showVisualEffectGraphs":true,"m_FxEnabled":true},"in2DMode":false,"pivot":{"x":-8.674943923950196,"y":31.671958923339845,"z":-25.766935348510743},"rotation":{"x":0.30007582902908327,"y":0.23322735726833344,"z":-0.07591850310564041,"w":0.9218465685844421},"size":29.132131576538087,"orthographic":true}